{
  "version": 1,
  "author": "Emerson Dellazzari",
  "editor": "wokwi",
  "parts": [
    { "type": "wokwi-esp32-devkit-v1", "id": "esp", "top": -148.9, "left": -72.2, "attrs": {} },
    { "type": "wokwi-dht22", "id": "dht1", "top": -153.3, "left": -207, "attrs": {} },
    {
      "type": "board-ssd1306",
      "id": "oled1",
      "top": 118.34,
      "left": -191.77,
      "attrs": { "i2cAddress": "0x3c" }
    },
    { "type": "wokwi-led", "id": "led1", "top": -80.4, "left": 80.6, "attrs": { "color": "red" } }
  ],
  "connections": [
    [ "esp:TX0", "$serialMonitor:RX", "", [] ],
    [ "esp:RX0", "$serialMonitor:TX", "", [] ],
    [ "dht1:VCC", "esp:VIN", "red", [ "v0" ] ],
    [ "esp:VIN", "oled1:VCC", "red", [ "h0" ] ],
    [ "dht1:SDA", "esp:D13", "green", [ "v0" ] ],
    [ "dht1:GND", "esp:GND.2", "black", [ "v0" ] ],
    [ "esp:GND.2", "oled1:GND", "black", [ "h0" ] ],
    [ "oled1:SCL", "esp:D4", "purple", [ "v-28.8", "h201.9", "v-124.9" ] ],
    [ "oled1:SDA", "esp:D5", "blue", [ "v-9.6", "h201.67", "v-172.8" ] ],
    [ "led1:C", "esp:GND.1", "black", [ "v0" ] ],
    [ "led1:A", "esp:D2", "red", [ "v0" ] ]
  ],
  "dependencies": {}
}